image_id,landmark_index,landmark,error_mm,group_or_device
4cfb147bcb3c4f44bf50133869e08a67,5,Or,12.0674,adolescent
3fddd4ae901f451198ae41553394cf62,10,Pog,9.8713,adolescent
6e3c7652b2f34db6a5072d5d7ec116ef,10,Pog,8.0757,adolescent
09a848d9656348afbb908d433c382009,6,P,7.7174,adolescent
4ab47eff1f794f45b011bc6f3812b782,8,LIA,7.2235,adolescent
00e416838e72477d9287288698fad079,4,UIA,7.0649,adolescent
TC807,10,Pog,6.8196,adult
0e4665273c4748c28b6f31626db294d8,10,Pog,6.7290,adolescent
d2293f54d58d4f1689d6739deaed1ef9,2,ANS,6.5922,adult
3f42983e87dc42d6965586f6f735a8ed,10,Pog,6.5449,adolescent
645563ad05de4f3e8bd25983e7c0e8ba,3,UI,6.5152,adolescent
TC1152,6,P,6.5144,adult
1f2bd805f205454ab184a7f07618e57a,8,LIA,6.4401,adolescent
3c89b11adc0e479395278564e0cbef9a,5,Or,6.1901,adolescent
5e8b639e27364576ae7c094147e1fb7d,4,UIA,6.1108,adolescent
1cabfbbfbb88440195ca435e92d961ef,4,UIA,6.0480,adolescent
TC940,6,P,5.9468,adult
TC1892,6,P,5.8421,adult
00e416838e72477d9287288698fad079,8,LIA,5.7648,adolescent
3411541e61d94bbba2509fe77926aa08,6,P,5.6776,adult
02f38407c6dc4bb8b1b72a603c10182b,4,UIA,5.6435,adolescent
02f38407c6dc4bb8b1b72a603c10182b,3,UI,5.5849,adolescent
TC727,4,UIA,5.3573,adult
841ff4e46a834c2a90fc8d8422100e86,5,Or,5.3567,adult
TC1547,6,P,5.3410,adult
00e416838e72477d9287288698fad079,7,LI,5.1418,adolescent
TC1708,9,Sn,5.0356,adult
TC29,5,Or,4.9585,adult
TC727,8,LIA,4.7735,adult
TC1996,10,Pog,4.6657,adult
2af07586075b4eadbabc796da0a4ae34,6,P,4.5539,adolescent
45e9fc2b4a864cc6a6c78b4496065085,8,LIA,4.4605,adolescent
2c1a324889d24ff5bda898ea427dad14,8,LIA,4.4270,adolescent
54680bb8b9a74f0e98f7a3d4b9063a99,6,P,4.2981,adult
TC1874,8,LIA,4.1802,adult
1a14badadee6425cbf285b177d96cd53,6,P,4.1470,adolescent
TC1242,2,ANS,4.1312,adult
10bf97cf123d4a0084fa6dad3146bb5c,6,P,4.1310,adolescent
TC886,6,P,4.1241,adult
1d39ef13236442e695ec0fdd27106de3,8,LIA,4.1193,adolescent
1348802_3501416,8,LIA,4.1127,adult
TC1676,6,P,4.0902,adult
TC1764,6,P,4.0512,adult
3d7b39e23ce74cf3bb3215cfadb6fe6b,8,LIA,4.0280,adolescent
