index,landmark,adolescent_mre_mm,adolescent_sd_mm,adult_mre_mm,adult_sd_mm,diff_mm,adolescent_sdr_2mm,adult_sdr_2mm,p_mannwhitney,p_holm
1,A,0.8697125880902004,0.6168573687127041,1.224449912195998,0.7595334695173799,-0.3547373241057976,96.0,84.66666666666667,7.801677725282507e-06,7.801677725282507e-05
2,ANS,0.7490092571804179,0.44111519990641146,1.0300505983975954,0.8057167940237259,-0.2810413412171775,99.33333333333333,92.0,0.001747344286326152,0.013978754290609217
3,UI,0.5670232935486996,0.7367283674963304,0.4367592571931184,0.394262497560684,0.1302640363555812,98.0,99.33333333333333,0.024180693315679666,0.16926485320975765
4,UIA,1.2643540283965549,1.139781504462372,1.3012138593614098,0.8239490545052147,-0.0368598309648549,86.66666666666667,82.0,0.0792460857434039,0.4754765144604234
5,Or,1.165149003965615,1.2366191196713843,1.17128311260166,0.8209616125558465,-0.0061341086360451325,88.66666666666667,86.66666666666667,0.2301386953081107,1.0
6,P,1.3044586129467062,0.999090785545598,1.7635428675442752,1.2399936110236123,-0.4590842545975691,85.33333333333334,69.33333333333334,0.00019832811610220324,0.001784953044919829
7,LI,0.596300536691434,0.5579646115577237,0.6006834127084633,0.5169441440597122,-0.004382876017029247,97.33333333333334,96.66666666666667,0.9146661015327955,1.0
8,LIA,1.4981521378897393,1.1953431237251446,1.2896927852336488,0.8698697086183322,0.2084593526560905,76.66666666666667,84.0,0.340212694905078,1.0
9,Sn,0.5676643823196738,0.4243586483431794,0.5816834449846512,0.5024538605573733,-0.014019062664977433,98.66666666666667,99.33333333333333,0.7088669667651468,1.0
10,Pog,1.1371848144075454,1.3344014715978068,1.090998385148015,0.9886498010603096,0.046186429259530426,86.0,86.66666666666667,0.7691314234129824,1.0
